#type (r[1-9];w;u),circuit,name,comment,QQ,ZZ,PBSB,ID,field,part (m;s),datatypes/templates,divider/values,unit,comment,field,part (m;s),datatypes/templates,divider/values,unit,comment,field,part (m;s),datatypes/templates,divider/values,unit,comment,field,part (m;s),datatypes/templates,divider/values,unit,comment,field,part (m;s),datatypes/templates,divider/values,unit,comment,field,part (m;s),datatypes/templates,divider/values,unit,comment,field,part (m;s),datatypes/templates,divider/values,unit,comment,field,part (m;s),datatypes/templates,divider/values,unit,comment,field,part (m;s),datatypes/templates,divider/values,unit,comment,field,part (m;s),datatypes/templates,divider/values,unit,comment,field,part (m;s),datatypes/templates,divider/values,unit,comment
#Ochsner,SID=15;MF=TEM;ID=24849;SW=0605;HW=0102,,,,,,,,,,,,,,,,,,,,,,,,,,,,,,,,,,,,,,,,,,,,,,,,,,,,,,,,,,,,,,,,,,,,,,,,
#IMPORTANT NOTE: Only one read-line per address allowed
#______________________________,,,,,,,,,,,,,,,,,,,,,,,,,,,,,,,,,,,,,,,,,,,,,,,,,,,,,,,,,,,,,,,,,,,,,,,,,
*r,24849,,,,15,0621,,,,,,,,,,,,,,,,,,,,,,,,,,,,,,,,,,,,,,,,,,,,,,,,,,,,,,,,,,,,,,,,,,,
*w,24849,,,,10,0623,,,,,,,,,,,,,,,,,,,,,,,,,,,,,,,,,,,,,,,,,,,,,,,,,,,,,,,,,,,,,,,,,,,
#______________________________,,,,,,,,,,,,,,,,,,,,,,,,,,,,,,,,,,,,,,,,,,,,,,,,,,,,,,,,,,,,,,,,,,,,,,,,,
#r1,,service.date.set,02-070 Set Time,,,,02c60040,,,param,,,,,,status,,,,,,,,,,,,,,,,,,,,,,,,,,,,,,,,,,,,,,,,,,,,,,,,,,,,,,,,,
#r1,,service.time.set,02-072 Set Date,,,,02c80040,,,param,,,,,,status,,,,,,,,,,,,,,,,,,,,,,,,,,,,,,,,,,,,,,,,,,,,,,,,,,,,,,,,,
#r1,,service.weekday,02-073 Weekday,,,,02c80040,,,param,,,,,,status,,,,,,,,,,,,,,,,,,,,,,,,,,,,,,,,,,,,,,,,,,,,,,,,,,,,,,,,,
#r1,,unknown,31-127 unknown,,,,01940048,,,param,,,,,,tempt,,,,,,,,,,,,,,,,,,,,,,,,,,,,,,,,,,,,,,,,,,,,,,,,,,,,,,,,,
#______________________________,,,,,,,,,,,,,,,,,,,,,,,,,,,,,,,,,,,,,,,,,,,,,,,,,,,,,,,,,,,,,,,,,,,,,,,,,
#r1,,heatpump.relaytest.compressorspeed,01-076 Setpoint rotational speed compressor ,,,,01cc0042,,,param,,,,,,status,,,,,,,,,,,,,,,,,,,,,,,,,,,,,,,,,,,,,,,,,,,,,,,,,,,,,,,,,
#r1,,heatpump.relaytest.generatorpump,01-022 Heat generator pump,,,,01960042,,,param,,,,,,status,,,,,,,,,,,,,,,,,,,,,,,,,,,,,,,,,,,,,,,,,,,,,,,,,,,,,,,,,
#______________________________,,,,,,,,,,,,,,,,,,,,,,,,,,,,,,,,,,,,,,,,,,,,,,,,,,,,,,,,,,,,,,,,,,,,,,,,,
r,,heating.apptype.string,07-076 Application type heating circuit,,,,6781000a,,,param,,,,,,apptypeheating_de,,,,,,,,,,,,,,,,,,,,,,,,,,,,,,,,,,,,,,,,,,,,,,,,,,,,,,,,,
r,,auxheater.apptype.string,10-076 Application type auxheater circuit,,,,6a810004,,,param,,,,,,apptypeauxheating_de,,,,,,,,,,,,,,,,,,,,,,,,,,,,,,,,,,,,,,,,,,,,,,,,,,,,,,,,,
#______________________________,,,,,,,,,,,,,,,,,,,,,,,,,,,,,,,,,,,,,,,,,,,,,,,,,,,,,,,,,,,,,,,,,,,,,,,,,
r1,,heating.status.string,02-051 Status heating circuit,,,,7780000a,,,param,,,,,,statusheating_de,,,,,,,,,,,,,,,,,,,,,,,,,,,,,,,,,,,,,,,,,,,,,,,,,,,,,,,,,
r1,,heating.test.relay.circuit,01-020 Relay test: heating circuit pump,,,,7580000a,,,param,,,,,,status,,,,,,,,,,,,,,,,,,,,,,,,,,,,,,,,,,,,,,,,,,,,,,,,,,,,,,,,,
r1,,heating.test.relay.circuit.string,01-020 Relay test: heating circuit pump,,,,0194004a,,,param,,,,,,relayheatpump_de,,,,,,,,,,,,,,,,,,,,,,,,,,,,,,,,,,,,,,,,,,,,,,,,,,,,,,,,,
r1,,heating.test.relay.mixer,01-021 Mixing valve heating circuit,,,,7581000a,,,param,,,,,,percent100,,,,,,,,,,,,,,,,,,,,,,,,,,,,,,,,,,,,,,,,,,,,,,,,,,,,,,,,,
r1,,hotwater.status.string,02-052 Status hot water,,,,7980000e,,,param,,,,,,statusboiler_de,,,,,,,,,,,,,,,,,,,,,,,,,,,,,,,,,,,,,,,,,,,,,,,,,,,,,,,,,
r1,,auxheater.status.string,02-053 Status auxiliary heat generator control,,,,7e800004,,,param,,,,,,statusauxheating_de,,,,,,,,,,,,,,,,,,,,,,,,,,,,,,,,,,,,,,,,,,,,,,,,,,,,,,,,,
r1,,heatpump.status.string,02-053 Status heat generator control,,,,7d800002,,,param,,,,,,statusheatpump_de,,,,,,,,,,,,,,,,,,,,,,,,,,,,,,,,,,,,,,,,,,,,,,,,,,,,,,,,,
#r1,,heating.status,02-051 Status heating circuit,,,,7780000a,,,param,,,,,,status,,,,,,,,,,,,,,,,,,,,,,,,,,,,,,,,,,,,,,,,,,,,,,,,,,,,,,,,,
#r1,,hotwater.status,02-052 Status hot water,,,,7980000e,,,param,,,,,,status,,,,,,,,,,,,,,,,,,,,,,,,,,,,,,,,,,,,,,,,,,,,,,,,,,,,,,,,,
#r1,,auxheater.status,02-053 Status auxiliary heat generator control,,,,7e800004,,,param,,,,,,status,,,,,,,,,,,,,,,,,,,,,,,,,,,,,,,,,,,,,,,,,,,,,,,,,,,,,,,,,
#r1,,heatpump.status,02-053 Status heat generator control,,,,7d800002,,,param,,,,,,status,,,,,,,,,,,,,,,,,,,,,,,,,,,,,,,,,,,,,,,,,,,,,,,,,,,,,,,,,
r1,,heatmanager.status,02-054 Status heat manager,,,,7a860010,,,param,,,,,,status,,,,,,,,,,,,,,,,,,,,,,,,,,,,,,,,,,,,,,,,,,,,,,,,,,,,,,,,,
#______________________________,,,,,,,,,,,,,,,,,,,,,,,,,,,,,,,,,,,,,,,,,,,,,,,,,,,,,,,,,,,,,,,,,,,,,,,,,
w,,heatmanager.emergency.set,06-014 Set heat manager emergency operations mode,,,,068e0040,,,status,,,,,,,,,,,,,,,,,,,,,,,,,,,,,,,,,,,,,,,,,,,,,,,,,,,,,,,,,,,,,,,
r,,heatmanager.emergency.set,06-014 Set heat manager emergency operations mode,,,,068e0040,,,param,,,,,,status,,,,,,,,,,,,,,,,,,,,,,,,,,,,,,,,,,,,,,,,,,,,,,,,,,,,,,,,,
#______________________________,,,,,,,,,,,,,,,,,,,,,,,,,,,,,,,,,,,,,,,,,,,,,,,,,,,,,,,,,,,,,,,,,,,,,,,,,
w,,heating.mode.set,03-050 Heating operation choice,,,,03b2004a,,,status,,,,,,,,,,,,,,,,,,,,,,,,,,,,,,,,,,,,,,,,,,,,,,,,,,,,,,,,,,,,,,,
r,,heating.mode.set,03-050 Heating operation choice,,,,03b2004a,,,param,,,,,,status,,,,,,,,,,,,,,,,,,,,,,,,,,,,,,,,,,,,,,,,,,,,,,,,,,,,,,,,,
w,,heatpump.mode.set,09-075 Heatpump operation choice,,,,61800002,,,status,,,,,,,,,,,,,,,,,,,,,,,,,,,,,,,,,,,,,,,,,,,,,,,,,,,,,,,,,,,,,,,
r,,heatpump.mode.set,09-075 Heatpump operation choice,,,,61800002,,,param,,,,,,status,,,,,,,,,,,,,,,,,,,,,,,,,,,,,,,,,,,,,,,,,,,,,,,,,,,,,,,,,
w,,auxheater.mode.set,09-075 AuxHeater operation choice,,,,09cb0044,,,status,,,,,,,,,,,,,,,,,,,,,,,,,,,,,,,,,,,,,,,,,,,,,,,,,,,,,,,,,,,,,,,
r,,auxheater.mode.set,09-075 AuxHeater operation choice,,,,09cb0044,,,param,,,,,,status,,,,,,,,,,,,,,,,,,,,,,,,,,,,,,,,,,,,,,,,,,,,,,,,,,,,,,,,,
#______________________________,,,,,,,,,,,,,,,,,,,,,,,,,,,,,,,,,,,,,,,,,,,,,,,,,,,,,,,,,,,,,,,,,,,,,,,,,
r1,,heatpump.cycles,02-080 Operating cycles,,,,7d850002,,,param2,,,,,,cycles,,,,,,,,,,,,,,,,,,,,,,,,,,,,,,,,,,,,,,,,,,,,,,,,,,,,,,,,,
r1,,heatpump.hours,02-081 Operating hours,,,,7d860002,,,param1,,,,,,hours,,,,,,,,,,,,,,,,,,,,,,,,,,,,,,,,,,,,,,,,,,,,,,,,,,,,,,,,,
r1,,heatpump.energy.mwh,23-009 Energy consumption (part MWh),,,,7d890002,,,param,,,,,,mwh,,,,,,,,,,,,,,,,,,,,,,,,,,,,,,,,,,,,,,,,,,,,,,,,,,,,,,,,,
r1,,heatpump.energy.kwh,23-000 Energy consumption (part kWh),,,,7d880002,,,param,,,,,,kwh,,,,,,,,,,,,,,,,,,,,,,,,,,,,,,,,,,,,,,,,,,,,,,,,,,,,,,,,,
r1,,heatpump.deicing.mwh,23-011 De-icing energy (part MWh),,,,7d8d0002,,,param,,,,,,mwh,,,,,,,,,,,,,,,,,,,,,,,,,,,,,,,,,,,,,,,,,,,,,,,,,,,,,,,,,
r1,,heatpump.deicing.kwh,23-004 De-icing energy (part kWh),,,,7d8c0002,,,param,,,,,,kwh,,,,,,,,,,,,,,,,,,,,,,,,,,,,,,,,,,,,,,,,,,,,,,,,,,,,,,,,,
r1,,heatpump.heating.mwh,23-010 Heating energy (part MWh),,,,7d8b0002,,,param,,,,,,mwh,,,,,,,,,,,,,,,,,,,,,,,,,,,,,,,,,,,,,,,,,,,,,,,,,,,,,,,,,
r1,,heatpump.heating.kwh,23-001 Heating energy (part kWh),,,,7d8a0002,,,param,,,,,,kwh,,,,,,,,,,,,,,,,,,,,,,,,,,,,,,,,,,,,,,,,,,,,,,,,,,,,,,,,,
r1,,heatpump.hotwater.mwh,23-013 Hot water energy (part MWh),,,,7d910002,,,param,,,,,,mwh,,,,,,,,,,,,,,,,,,,,,,,,,,,,,,,,,,,,,,,,,,,,,,,,,,,,,,,,,
r1,,heatpump.hotwater.kwh,23-006 Hot water energy (part kWh),,,,7d900002,,,param,,,,,,kwh,,,,,,,,,,,,,,,,,,,,,,,,,,,,,,,,,,,,,,,,,,,,,,,,,,,,,,,,,
r1,,auxheater.cycles,02-080 Aux Operating cycles,,,,7e820004,,,param2,,,,,,cycles,,,,,,,,,,,,,,,,,,,,,,,,,,,,,,,,,,,,,,,,,,,,,,,,,,,,,,,,,
r1,,auxheater.hours,02-081 Aux Operating hours,,,,7e830004,,,param1,,,,,,hours,,,,,,,,,,,,,,,,,,,,,,,,,,,,,,,,,,,,,,,,,,,,,,,,,,,,,,,,,
r1,,auxheater.energyg.mwh,23-010 Auxiliary Heating energy (part MWh),,,,7e850004,,,param,,,,,,mwh,,,,,,,,,,,,,,,,,,,,,,,,,,,,,,,,,,,,,,,,,,,,,,,,,,,,,,,,,
r1,,auxheater.energy.kwh,23-001 Auxiliary Heating energy (part kWh),,,,7e840004,,,param,,,,,,kwh,,,,,,,,,,,,,,,,,,,,,,,,,,,,,,,,,,,,,,,,,,,,,,,,,,,,,,,,,
#______________________________,,,,,,,,,,,,,,,,,,,,,,,,,,,,,,,,,,,,,,,,,,,,,,,,,,,,,,,,,,,,,,,,,,,,,,,,,
r1,,heating.temp.outside,00-000 Outside temperature,,,,77810008,,,param,,,,,,tempt,,,,,,,,,,,,,,,,,,,,,,,,,,,,,,,,,,,,,,,,,,,,,,,,,,,,,,,,,
#r1,,heating.temp.outside_1,00-000 Outside temperature,,,,00800040,,,param,,,,,,tempt,,,,,,,,,,,,,,,,,,,,,,,,,,,,,,,,,,,,,,,,,,,,,,,,,,,,,,,,,
#r1,,heating.temp.outside_2,00-000 Outside temperature,,,,00800042,,,param,,,,,,tempt,,,,,,,,,,,,,,,,,,,,,,,,,,,,,,,,,,,,,,,,,,,,,,,,,,,,,,,,,
#r1,,heating.temp.outside_3,00-000 Outside temperature,,,,00800048,,,param,,,,,,tempt,,,,,,,,,,,,,,,,,,,,,,,,,,,,,,,,,,,,,,,,,,,,,,,,,,,,,,,,,
#r1,,heating.temp.outside_4,00-000 Outside temperature,,,,0080004e,,,param,,,,,,tempt,,,,,,,,,,,,,,,,,,,,,,,,,,,,,,,,,,,,,,,,,,,,,,,,,,,,,,,,,
r1,,heating.temp.outside.average,02-020 Outdoor temperature average,,,,7782000a,,,param,,,,,,tempt,,,,,,,,,,,,,,,,,,,,,,,,,,,,,,,,,,,,,,,,,,,,,,,,,,,,,,,,,
r,,heating.temp.target.limitH.set,03-021 Heating limit outdoor temperature,,,,6385000a,,,param,,,,,,tempt,,,,,,,,,,,,,,,,,,,,,,,,,,,,,,,,,,,,,,,,,,,,,,,,,,,,,,,,,
w,,heating.temp.target.limitH.set,03-021 Heating limit outdoor temperature,,,,6385000a,,,tempt,,,,,,,,,,,,,,,,,,,,,,,,,,,,,,,,,,,,,,,,,,,,,,,,,,,,,,,,,,,,,,,
r,,heating.temp.target.limitH.set_1,03-021 Heating limit outdoor temperature,,,,0395004a,,,param,,,,,,tempt,,,,,,,,,,,,,,,,,,,,,,,,,,,,,,,,,,,,,,,,,,,,,,,,,,,,,,,,,
w,,heating.temp.target.limitH.set_1,03-021 Heating limit outdoor temperature,,,,0395004a,,,tempt,,,,,,,,,,,,,,,,,,,,,,,,,,,,,,,,,,,,,,,,,,,,,,,,,,,,,,,,,,,,,,,
r,,heating.temp.target.limitR.set,03-002 Heating limit outdoor eco temperature,,,,6381000a,,,param,,,,,,tempt,,,,,,,,,,,,,,,,,,,,,,,,,,,,,,,,,,,,,,,,,,,,,,,,,,,,,,,,,
w,,heating.temp.target.limitR.set,03-002 Heating limit outdoor eco temperature,,,,6381000a,,,tempt,,,,,,,,,,,,,,,,,,,,,,,,,,,,,,,,,,,,,,,,,,,,,,,,,,,,,,,,,,,,,,,
#______________________________,,,,,,,,,,,,,,,,,,,,,,,,,,,,,,,,,,,,,,,,,,,,,,,,,,,,,,,,,,,,,,,,,,,,,,,,,
r1,,heatmanager.temp.buffer.tpo,00-015 Buffer temperature (upper area),,,,7a800010,,,param,,,,,,tempt,,,,,,,,,,,,,,,,,,,,,,,,,,,,,,,,,,,,,,,,,,,,,,,,,,,,,,,,,
r1,,heatmanager.temp.buffer.tpm,00-017 Buffer temperature (middle area),,,,7a810010,,,param,,,,,,tempt,,,,,,,,,,,,,,,,,,,,,,,,,,,,,,,,,,,,,,,,,,,,,,,,,,,,,,,,,
r1,,heating.temp.buffer.flow,00-096 Anlage Vorlauftemperatur (same as 00-015),,,,00e00040,,,param,,,,,,tempt,,,,,,,,,,,,,,,,,,,,,,,,,,,,,,,,,,,,,,,,,,,,,,,,,,,,,,,,,
r,,heating.temp.buffer.flow_1,00-096 Anlage Vorlauftemperatur (same as 00-015),,,,7a820010,,,param,,,,,,tempt,,,,,,,,,,,,,,,,,,,,,,,,,,,,,,,,,,,,,,,,,,,,,,,,,,,,,,,,,
r,,heating.temp.buffer.flow_2,00-096 Anlage Vorlauftemperatur (same as 00-015),,,,00e00050,,,param,,,,,,tempt,,,,,,,,,,,,,,,,,,,,,,,,,,,,,,,,,,,,,,,,,,,,,,,,,,,,,,,,,
r1,,heating.temp.flow,00-002 Actual heating circuit flow temperature,,,,7784000a,,,param,,,,,,tempt,,,,,,,,,,,,,,,,,,,,,,,,,,,,,,,,,,,,,,,,,,,,,,,,,,,,,,,,,
r,,heating.temp.flow_1,00-002 Actual heating circuit flow temperature (same as 00-015),,,,0082004a,,,param,,,,,,tempt,,,,,,,,,,,,,,,,,,,,,,,,,,,,,,,,,,,,,,,,,,,,,,,,,,,,,,,,,
r1,,heating.temp.flow.setpoint,01-002 Setpoint temperature manual mode (same as 07-009),,,,7785000a,,,param,,,,,,tempt,,,,,,,,,,,,,,,,,,,,,,,,,,,,,,,,,,,,,,,,,,,,,,,,,,,,,,,,,
r,,heating.temp.manual.set,07-009 Set temperature manual mode,,,,0789004a,,,param,,,,,,tempt,,,,,,,,,,,,,,,,,,,,,,,,,,,,,,,,,,,,,,,,,,,,,,,,,,,,,,,,,
w,,heating.temp.manual.set,07-009 Set temperature manual mode,,,,0789004a,,,tempt,,,,,,,,,,,,,,,,,,,,,,,,,,,,,,,,,,,,,,,,,,,,,,,,,,,,,,,,,,,,,,,
r,,heating.temp.room.target.dayH.set,03-051 Room temp day heating target,,,,03b3004a,,,param,,,,,,tempt,,,,,,,,,,,,,,,,,,,,,,,,,,,,,,,,,,,,,,,,,,,,,,,,,,,,,,,,,
w,,heating.temp.room.target.dayH.set,03-051 Room temp day heating target,,,,03b3004a,,,tempt,,,,,,,,,,,,,,,,,,,,,,,,,,,,,,,,,,,,,,,,,,,,,,,,,,,,,,,,,,,,,,,
r,,heating.temp.room.target.nightH.set,03-053 Room temp night Heating target,,,,03b5004a,,,param,,,,,,tempt,,,,,,,,,,,,,,,,,,,,,,,,,,,,,,,,,,,,,,,,,,,,,,,,,,,,,,,,,
w,,heating.temp.room.target.nightH.set,03-053 Room temp night Heating target,,,,03b5004a,,,tempt,,,,,,,,,,,,,,,,,,,,,,,,,,,,,,,,,,,,,,,,,,,,,,,,,,,,,,,,,,,,,,,
r,,heating.temp.room.set,01-001 Set room temperature,,,,7783000a,,,param,,,,,,tempt,,,,,,,,,,,,,,,,,,,,,,,,,,,,,,,,,,,,,,,,,,,,,,,,,,,,,,,,,
w,,heating.temp.room.set,01-001 Set room temperature,,,,7783000a,,,tempt,,,,,,,,,,,,,,,,,,,,,,,,,,,,,,,,,,,,,,,,,,,,,,,,,,,,,,,,,,,,,,,
#unverified
#r,,heating.temp.room.set_1,01-001 Set room temperature,,,,77840008,,,param,,,,,,tempt,,,,,,,,,,,,,,,,,,,,,,,,,,,,,,,,,,,,,,,,,,,,,,,,,,,,,,,,,
#w,,heating.temp.room.set_1,01-001 Set room temperature,,,,77840008,,,tempt,,,,,,,,,,,,,,,,,,,,,,,,,,,,,,,,,,,,,,,,,,,,,,,,,,,,,,,,,,,,,,,
#null value without room controller#r1,,heating.temp.room,00-001 Actual room temperature,,,,77830008,,,param,,,,,,tempt,,,,,,,,,,,,,,,,,,,,,,,,,,,,,,,,,,,,,,,,,,,,,,,,,,,,,,,,,
#unverified - null value without room controller
#r,,heating.temp.room_1,00-001 Actual room temperature,,,,00810048,,,param,,,,,,tempt,,,,,,,,,,,,,,,,,,,,,,,,,,,,,,,,,,,,,,,,,,,,,,,,,,,,,,,,,
#unverified - null value without room controller
#r,,heating.temp.room_2,00-001 Actual room temperature,,,,0081004a,,,param,,,,,,tempt,,,,,,,,,,,,,,,,,,,,,,,,,,,,,,,,,,,,,,,,,,,,,,,,,,,,,,,,,
#______________________________,,,,,,,,,,,,,,,,,,,,,,,,,,,,,,,,,,,,,,,,,,,,,,,,,,,,,,,,,,,,,,,,,,,,,,,,,
r1,,hotwater.temp.buffer.tb.setpoint,01-004 Setpoint desired hot water temperature,,,,7982000e,,,param,,,,,,tempt,,,,,,,,,,,,,,,,,,,,,,,,,,,,,,,,,,,,,,,,,,,,,,,,,,,,,,,,,
r1,,hotwater.temp.buffer.tb,00-004 Actual temperature hot water,,,,00840040,,,param,,,,,,tempt,,,,,,,,,,,,,,,,,,,,,,,,,,,,,,,,,,,,,,,,,,,,,,,,,,,,,,,,,
r,,hotwater.temp.buffer.tb_1,00-004 Actual temperature hot water,,,,7981000e,,,param,,,,,,tempt,,,,,,,,,,,,,,,,,,,,,,,,,,,,,,,,,,,,,,,,,,,,,,,,,,,,,,,,,
r,,hotwater.temp.buffer.tb.set,05-051 Normal setpoint DHW temperature,,,,6581000e,,,param,,,,,,tempt,,,,,,,,,,,,,,,,,,,,,,,,,,,,,,,,,,,,,,,,,,,,,,,,,,,,,,,,,
w,,hotwater.temp.buffer.tb.set,05-051 Normal setpoint DHW temperature,,,,6581000e,,,tempt,,,,,,,,,,,,,,,,,,,,,,,,,,,,,,,,,,,,,,,,,,,,,,,,,,,,,,,,,,,,,,,
r,,hotwater.temp.buffer.legionella.set,05-004 Legionella protection temperature,,,,6580000e,,,param,,,,,,tempt1,,,,,,,,,,,,,,,,,,,,,,,,,,,,,,,,,,,,,,,,,,,,,,,,,,,,,,,,,
w,,hotwater.temp.buffer.legionella.set,05-004 Legionella protection temperature,,,,6580000e,,,tempt1,,,,,,,,,,,,,,,,,,,,,,,,,,,,,,,,,,,,,,,,,,,,,,,,,,,,,,,,,,,,,,,
r,,hotwater.temp.buffer.eco.set,05-086 Economy setpoint DHW temperature,,,,6583000e,,,param,,,,,,tempt1,,,,,,,,,,,,,,,,,,,,,,,,,,,,,,,,,,,,,,,,,,,,,,,,,,,,,,,,,
w,,hotwater.temp.buffer.eco.set,05-086 Economy setpoint DHW temperature,,,,6583000e,,,tempt1,,,,,,,,,,,,,,,,,,,,,,,,,,,,,,,,,,,,,,,,,,,,,,,,,,,,,,,,,,,,,,,
#______________________________,,,,,,,,,,,,,,,,,,,,,,,,,,,,,,,,,,,,,,,,,,,,,,,,,,,,,,,,,,,,,,,,,,,,,,,,,
r1,,heatpump.temp.tqe,00-071 Heat source input temperature,,,,00c70042,,,param,,,,,,tempt,,,,,,,,,,,,,,,,,,,,,,,,,,,,,,,,,,,,,,,,,,,,,,,,,,,,,,,,,
r,,heatpump.temp.tqe_1,00-071 Heat source input temperature,,,,7d840002,,,param,,,,,,tempt,,,,,,,,,,,,,,,,,,,,,,,,,,,,,,,,,,,,,,,,,,,,,,,,,,,,,,,,,
r1,,heatpump.temp.tqa,00-070 Heat source outlet temperature,,,,00c60042,,,param,,,,,,tempt,,,,,,,,,,,,,,,,,,,,,,,,,,,,,,,,,,,,,,,,,,,,,,,,,,,,,,,,,
r,,heatpump.temp.tqa_1,00-070 Heat source outlet temperature,,,,7d830002,,,param,,,,,,tempt,,,,,,,,,,,,,,,,,,,,,,,,,,,,,,,,,,,,,,,,,,,,,,,,,,,,,,,,,
r1,,heatpump.temp.twv,00-007 Heat pump flow temperature,,,,00870042,,,param,,,,,,tempt,,,,,,,,,,,,,,,,,,,,,,,,,,,,,,,,,,,,,,,,,,,,,,,,,,,,,,,,,
r,,heatpump.temp.twv_1,00-007 Heat pump flow temperature,,,,7d810002,,,param,,,,,,tempt,,,,,,,,,,,,,,,,,,,,,,,,,,,,,,,,,,,,,,,,,,,,,,,,,,,,,,,,,
r,,heatpump.temp.twv_2,00-007 Heat pump flow temperature,,,,7e810004,,,param,,,,,,tempt,,,,,,,,,,,,,,,,,,,,,,,,,,,,,,,,,,,,,,,,,,,,,,,,,,,,,,,,,
r,,heatpump.temp.twv_3,00-007 Heat pump flow temperature,,,,00870044,,,param,,,,,,tempt,,,,,,,,,,,,,,,,,,,,,,,,,,,,,,,,,,,,,,,,,,,,,,,,,,,,,,,,,
r1,,heatpump.temp.twr,00-008 Heat pump return temperature,,,,00880042,,,param,,,,,,tempt,,,,,,,,,,,,,,,,,,,,,,,,,,,,,,,,,,,,,,,,,,,,,,,,,,,,,,,,,
r,,heatpump.temp.twr_1,00-008 Heat pump return temperature,,,,7d820002,,,param,,,,,,tempt,,,,,,,,,,,,,,,,,,,,,,,,,,,,,,,,,,,,,,,,,,,,,,,,,,,,,,,,,
r1,,heatpump.flow,21-002 Heatpump Heating Flow,,,,7d870002,,,param,,,,,,lmin,,,,,,,,,,,,,,,,,,,,,,,,,,,,,,,,,,,,,,,,,,,,,,,,,,,,,,,,,
#r1,,heatpump.setpoint,01-007 Supply temperature setpoint request to heat generator,,,,7d820002,,,param,,,,,,tempt,,,,,,,,,,,,,,,,,,,,,,,,,,,,,,,,,,,,,,,,,,,,,,,,,,,,,,,,,
#______________________________,,,,,,,,,,,,,,,,,,,,,,,,,,,,,,,,,,,,,,,,,,,,,,,,,,,,,,,,,,,,,,,,,,,,,,,,,
r1,,heating.temp.preferencesC1.pointtemp,03-001 Base point temperature,,,,6380000a,,,param,,,,,,tempt,,,,,,,,,,,,,,,,,,,,,,,,,,,,,,,,,,,,,,,,,,,,,,,,,,,,,,,,,
r1,,heating.temp.preferencesC1.outsideTH,03-012 Design outside temperature,,,,6383000a,,,param,,,,,,temp3,,,,,,,,,,,,,,,,,,,,,,,,,,,,,,,,,,,,,,,,,,,,,,,,,,,,,,,,,
r1,,heating.temp.preferencesC1.supplyTH,03-013 Design supply temperature,,,,6384000a,,,param,,,,,,temp1,,,,,,,,,,,,,,,,,,,,,,,,,,,,,,,,,,,,,,,,,,,,,,,,,,,,,,,,,
#r1,,preferencesC1.roomfrost,03-000 room frost protection temperature,,,,63800008,,,param,,,,,,tempt,,,,,,,,,,,,,,,,,,,,,,,,,,,,,,,,,,,,,,,,,,,,,,,,,,,,,,,,,
#r1,,preferencesC1.heating_limit,03-021 Heating limit outdoor temperature,,,,63850008,,,param,,,,,,tempt,,,,,,,,,,,,,,,,,,,,,,,,,,,,,,,,,,,,,,,,,,,,,,,,,,,,,,,,,
#r1,,preferencesC1.heatinglimit,03-021 Heating limit outdoor temperature,,,,63820008,,,param,,,,,,tempt,,,,,,,,,,,,,,,,,,,,,,,,,,,,,,,,,,,,,,,,,,,,,,,,,,,,,,,,,
#r1,,preferencesC1.dayTH,03-051 Room temp day heating operation,,,,63860008,,,param,,,,,,tempt,,,,,,,,,,,,,,,,,,,,,,,,,,,,,,,,,,,,,,,,,,,,,,,,,,,,,,,,,
#r1,,preferencesC1.nightTH,03-053 Room temp night Heating operation,,,,63870008,,,param,,,,,,tempt,,,,,,,,,,,,,,,,,,,,,,,,,,,,,,,,,,,,,,,,,,,,,,,,,,,,,,,,,
r,,preferencesC1.remotecontrol,03-091 Remote control available,,,,6388000a,,,param,,,,,,status,,,,,,,,,,,,,,,,,,,,,,,,,,,,,,,,,,,,,,,,,,,,,,,,,,,,,,,,,
#______________________________,,,,,,,,,,,,,,,,,,,,,,,,,,,,,,,,,,,,,,,,,,,,,,,,,,,,,,,,,,,,,,,,,,,,,,,,,
r1,,heatmanager.heating.power,02-040 heat manager heating power,,,,7a840010,,,param,,,,,,percent1,,,,,,,,,,,,,,,,,,,,,,,,,,,,,,,,,,,,,,,,,,,,,,,,,,,,,,,,,
r1,,heatmanager.boiler.power,02-041 heat manager boilerpower,,,,7a850010,,,param,,,,,,percent1,,,,,,,,,,,,,,,,,,,,,,,,,,,,,,,,,,,,,,,,,,,,,,,,,,,,,,,,,
#______________________________,,,,,,,,,,,,,,,,,,,,,,,,,,,,,,,,,,,,,,,,,,,,,,,,,,,,,,,,,,,,,,,,,,,,,,,,,
r,,heating.temp.curveH.pointH,03-001 Base point temperature,,,,0381004a,,,param,,,,,,tempt,,,,,,,,,,,,,,,,,,,,,,,,,,,,,,,,,,,,,,,,,,,,,,,,,,,,,,,,,
w,,heating.temp.curveH.pointH,03-001 Base point temperature,,,,0381004a,,,tempt,,,,,,,,,,,,,,,,,,,,,,,,,,,,,,,,,,,,,,,,,,,,,,,,,,,,,,,,,,,,,,,
r,,heating.temp.curveH.outsideH,03-012 Design outside temperature,,,,038c004a,,,param,,,,,,temp3,,,,,,,,,,,,,,,,,,,,,,,,,,,,,,,,,,,,,,,,,,,,,,,,,,,,,,,,,
w,,heating.temp.curveH.outsideH,03-012 Design outside temperature,,,,038c004a,,,temp3,,,,,,,,,,,,,,,,,,,,,,,,,,,,,,,,,,,,,,,,,,,,,,,,,,,,,,,,,,,,,,,
r,,heating.temp.curveH.supplyH,03-013 Design supply temperature,,,,038d004a,,,param,,,,,,temp1,,,,,,,,,,,,,,,,,,,,,,,,,,,,,,,,,,,,,,,,,,,,,,,,,,,,,,,,,
w,,heating.temp.curveH.supplyH,03-013 Design supply temperature,,,,038d004a,,,temp1,,,,,,,,,,,,,,,,,,,,,,,,,,,,,,,,,,,,,,,,,,,,,,,,,,,,,,,,,,,,,,,
#______________________________,,,,,,,,,,,,,,,,,,,,,,,,,,,,,,,,,,,,,,,,,,,,,,,,,,,,,,,,,,,,,,,,,,,,,,,,,
#r,,cooling.curveC.pointC,03-043 Cooling setpoint,,,,03b00048 ,,,param,,,,,,tempt,,,,,,,,,,,,,,,,,,,,,,,,,,,,,,,,,,,,,,,,,,,,,,,,,,,,,,,,,
#w,,cooling.curveC.pointC,03-043 Cooling setpoint,,,,03b00048 ,,,tempt,,,,,,,,,,,,,,,,,,,,,,,,,,,,,,,,,,,,,,,,,,,,,,,,,,,,,,,,,,,,,,,
#r,,cooling.curveC.outsideC,03-047 Design outside temperature,,,,03af0048,,,param,,,,,,temp3,,,,,,,,,,,,,,,,,,,,,,,,,,,,,,,,,,,,,,,,,,,,,,,,,,,,,,,,,
#w,,cooling.curveC.outsideC,03-047 Design outside temperature,,,,03af0048,,,temp3,,,,,,,,,,,,,,,,,,,,,,,,,,,,,,,,,,,,,,,,,,,,,,,,,,,,,,,,,,,,,,,
#r,,cooling.curveC.supplyC,03-04 Design supply temperature,,,,03ab0048,,,param,,,,,,temp1,,,,,,,,,,,,,,,,,,,,,,,,,,,,,,,,,,,,,,,,,,,,,,,,,,,,,,,,,
#w,,cooling.curveC.supplyC,03-04 Design supply temperature,,,,03ab0048,,,temp1,,,,,,,,,,,,,,,,,,,,,,,,,,,,,,,,,,,,,,,,,,,,,,,,,,,,,,,,,,,,,,,
#______________________________,,,,,,,,,,,,,,,,,,,,,,,,,,,,,,,,,,,,,,,,,,,,,,,,,,,,,,,,,,,,,,,,,,,,,,,,,
#r,,target.Ssummer,03-045 Slope summer co,,,,03ac0048,,,param,,,,,,tempt,,,,,,,,,,,,,,,,,,,,,,,,,,,,,,,,,,,,,,,,,,,,,,,,,,,,,,,,,
#w,,target.Ssummer,03-045 Slope summer co,,,,03ac0048,,,tempt,,,,,,,,,,,,,,,,,,,,,,,,,,,,,,,,,,,,,,,,,,,,,,,,,,,,,,,,,,,,,,,
#r,,target.SpointS,03-044 Start point summer,,,,03b60048,,,param,,,,,,tempt,,,,,,,,,,,,,,,,,,,,,,,,,,,,,,,,,,,,,,,,,,,,,,,,,,,,,,,,,
#w,,target.SpointS,03-044 Start point summer,,,,03b60048,,,tempt,,,,,,,,,,,,,,,,,,,,,,,,,,,,,,,,,,,,,,,,,,,,,,,,,,,,,,,,,,,,,,,
#r,,cooling.target.dayC,03-054 Room temp day cooling operation,,,,03b80048,,,param,,,,,,tempt,,,,,,,,,,,,,,,,,,,,,,,,,,,,,,,,,,,,,,,,,,,,,,,,,,,,,,,,,
#w,,cooling.target.dayC,03-054 Room temp day cooling operation,,,,03b80048,,,tempt,,,,,,,,,,,,,,,,,,,,,,,,,,,,,,,,,,,,,,,,,,,,,,,,,,,,,,,,,,,,,,,
#r,,cooling.target.nightC,03-056 Room temp night cooling operation,,,,03ad0048,,,param,,,,,,tempt,,,,,,,,,,,,,,,,,,,,,,,,,,,,,,,,,,,,,,,,,,,,,,,,,,,,,,,,,
#w,,cooling.target.nightC,03-056 Room temp night cooling operation,,,,03ad0048,,,tempt,,,,,,,,,,,,,,,,,,,,,,,,,,,,,,,,,,,,,,,,,,,,,,,,,,,,,,,,,,,,,,,
#______________________________,,,,,,,,,,,,,,,,,,,,,,,,,,,,,,,,,,,,,,,,,,,,,,,,,,,,,,,,,,,,,,,,,,,,,,,,,
#*r,21576,,,,15,0621,02,,,,,,,,,,,,,,,,,,,,,,,,,,,,,,,,,,,,,,,,,,,,,,,,,,,,,,,,,,,,,,,,,,
#r,,Srerrdata.last,,,,,da0040,,,err,,,,,,,,,,,,,,,,,,,,,,,,,,,,,,,,,,,,,,,,,,,,,,,,,,,,,,,,,,,,,,,
#r,,Srerrdata.2nd,,,,,da1040,,,err,,,,,,,,,,,,,,,,,,,,,,,,,,,,,,,,,,,,,,,,,,,,,,,,,,,,,,,,,,,,,,,
#r,,Srerrdata.3nd,,,,,da2040,,,err,,,,,,,,,,,,,,,,,,,,,,,,,,,,,,,,,,,,,,,,,,,,,,,,,,,,,,,,,,,,,,,
#r,,Srerrdata.4nd,,,,,da3040,,,err,,,,,,,,,,,,,,,,,,,,,,,,,,,,,,,,,,,,,,,,,,,,,,,,,,,,,,,,,,,,,,,
#r,,Srerrdata.5nd,,,,,da4040,,,err,,,,,,,,,,,,,,,,,,,,,,,,,,,,,,,,,,,,,,,,,,,,,,,,,,,,,,,,,,,,,,,
#r,,Srerrdata.6nd,,,,,da5040,,,err,,,,,,,,,,,,,,,,,,,,,,,,,,,,,,,,,,,,,,,,,,,,,,,,,,,,,,,,,,,,,,,
#*r,21576,,,,15,0622,02,,,,,,,,,,,,,,,,,,,,,,,,,,,,,,,,,,,,,,,,,,,,,,,,,,,,,,,,,,,,,,,,,,
#r,,SRerrdata1.last,,,,,da0040,errcod,,UCH,,,,,,HEX,,,,,,HEX,,,,,,HEX,,,,,,HEX,,,,,,HEX,,,,sta,,UCH,,,,ta,,UCH,10,,,,,HEX,,,,thv_2,,UCH,10,,,,,,,,
#r,,SRerrdata1.2nd,,,,,da1040,errcod,,UCH,,,,,,HEX,,,,,,HEX,,,,,,HEX,,,,,,HEX,,,,,,HEX,,,,sta,,UCH,,,,ta,,UCH,10,,,,,HEX,,,,thv_2,,UCH,10,,,,,,,,
#r,,SRerrdata1.3nd,,,,,da2040,errcod,,UCH,,,,,,HEX,,,,,,HEX,,,,,,HEX,,,,,,HEX,,,,,,HEX,,,,sta,,UCH,,,,ta,,UCH,10,,,,,HEX,,,,thv_2,,UCH,10,,,,,,,,
#r,,SRerrdata1.4nd,,,,,da3040,errcod,,UCH,,,,,,HEX,,,,,,HEX,,,,,,HEX,,,,,,HEX,,,,,,HEX,,,,sta,,UCH,,,,ta,,UCH,10,,,,,HEX,,,,thv_2,,UCH,10,,,,,,,,
#r,,SRerrdata1.5nd,,,,,da4040,errcod,,UCH,,,,,,HEX,,,,,,HEX,,,,,,HEX,,,,,,HEX,,,,,,HEX,,,,sta,,UCH,,,,ta,,UCH,10,,,,,HEX,,,,thv_2,,UCH,10,,,,,,,,
#r,,SRerrdata1.6nd,,,,,da5040,errcod,,UCH,,,,,,HEX,,,,,,HEX,,,,,,HEX,,,,,,HEX,,,,,,HEX,,,,sta,,UCH,,,,ta,,UCH,10,,,,,HEX,,,,thv_2,,UCH,10,,,,,,,,
#*r,21576,,,,15,0622,02,,,,,,,,,,,,,,,,,,,,,,,,,,,,,,,,,,,,,,,,,,,,,,,,,,,,,,,,,,,,,,,,,,
#r,,SRerrdata2.last,,,,,da0140,,,HEX,,,,tpo,,UCH,10,,,,,HEX,,,,tb,,UCH,10,,,,,HEX,,,,twv,,UCH,10,,,,,HEX,,,,twr,,UCH,10,,,,,HEX,,,,tqe,,UCH,10,,,,,,,,
#r,,SRerrdata2.2nd,,,,,da1140,,,HEX,,,,tpo,,UCH,10,,,,,HEX,,,,tb,,UCH,10,,,,,HEX,,,,twv,,UCH,10,,,,,HEX,,,,twr,,UCH,10,,,,,HEX,,,,tqe,,UCH,10,,,,,,,,
#r,,SRerrdata2.3nd,,,,,da2140,,,HEX,,,,tpo,,UCH,10,,,,,HEX,,,,tb,,UCH,10,,,,,HEX,,,,twv,,UCH,10,,,,,HEX,,,,twr,,UCH,10,,,,,HEX,,,,tqe,,UCH,10,,,,,,,,
#r,,SRerrdata2.4nd,,,,,da3140,,,HEX,,,,tpo,,UCH,10,,,,,HEX,,,,tb,,UCH,10,,,,,HEX,,,,twv,,UCH,10,,,,,HEX,,,,twr,,UCH,10,,,,,HEX,,,,tqe,,UCH,10,,,,,,,,
#r,,SRerrdata2.5nd,,,,,da4140,,,HEX,,,,tpo,,UCH,10,,,,,HEX,,,,tb,,UCH,10,,,,,HEX,,,,twv,,UCH,10,,,,,HEX,,,,twr,,UCH,10,,,,,HEX,,,,tqe,,UCH,10,,,,,,,,
#r,,SRerrdata2.6nd,,,,,da5140,,,HEX,,,,tpo,,UCH,10,,,,,HEX,,,,tb,,UCH,10,,,,,HEX,,,,twv,,UCH,10,,,,,HEX,,,,twr,,UCH,10,,,,,HEX,,,,tqe,,UCH,10,,,,,,,,
#*r,21576,,,,15,0622,02,,,,,,,,,,,,,,,,,,,,,,,,,,,,,,,,,,,,,,,,,,,,,,,,,,,,,,,,,,,,,,,,,,
#r,,SRerrdata3.last,,,,,da0240,,,HEX,,,,tqa,,UCH,10,,,,,HEX,,,,tpv,,UCH,10,,,,,HEX,,,,tpd,,UCH,10,,,,,HEX,,,,tsg,,UCH,10,,,,,HEX,,,,thg,,UCH,10,,,,,,,,
#r,,SRerrdata3.2nd,,,,,da1240,,,HEX,,,,tqa,,UCH,10,,,,,HEX,,,,tpv,,UCH,10,,,,,HEX,,,,tpd,,UCH,10,,,,,HEX,,,,tsg,,UCH,10,,,,,HEX,,,,thg,,UCH,10,,,,,,,,
#r,,SRerrdata3.3nd,,,,,da2240,,,HEX,,,,tqa,,UCH,10,,,,,HEX,,,,tpv,,UCH,10,,,,,HEX,,,,tpd,,UCH,10,,,,,HEX,,,,tsg,,UCH,10,,,,,HEX,,,,thg,,UCH,10,,,,,,,,
#r,,SRerrdata3.4nd,,,,,da3240,,,HEX,,,,tqa,,UCH,10,,,,,HEX,,,,tpv,,UCH,10,,,,,HEX,,,,tpd,,UCH,10,,,,,HEX,,,,tsg,,UCH,10,,,,,HEX,,,,thg,,UCH,10,,,,,,,,
#r,,SRerrdata3.5nd,,,,,da4240,,,HEX,,,,tqa,,UCH,10,,,,,HEX,,,,tpv,,UCH,10,,,,,HEX,,,,tpd,,UCH,10,,,,,HEX,,,,tsg,,UCH,10,,,,,HEX,,,,thg,,UCH,10,,,,,,,,
#r,,SRerrdata3.6nd,,,,,da5240,,,HEX,,,,tqa,,UCH,10,,,,,HEX,,,,tpv,,UCH,10,,,,,HEX,,,,tpd,,UCH,10,,,,,HEX,,,,tsg,,UCH,10,,,,,HEX,,,,thg,,UCH,10,,,,,,,,
#*r,21576,,,,15,0622,02,,,,,,,,,,,,,,,,,,,,,,,,,,,,,,,,,,,,,,,,,,,,,,,,,,,,,,,,,,,,,,,,,,
#r,,SRerrdata4.last,,,,,da0340,,,HEX,,,,sw,,HEX,,,,,,HEX,,,,pnd,,UCH,10,,,,,HEX,,,,phd,,UCH,10,,,,,,,,,,,,,,,,,,,,,,,,,,,,,,,,
#r,,SRerrdata4.2nd,,,,,da1340,,,HEX,,,,sw,,D1C,,,,,,HEX,,,,pnd,,UCH,10,,,,,HEX,,,,phd,,UCH,10,,,,,,,,,,,,,,,,,,,,,,,,,,,,,,,,
#r,,SRerrdata4.3nd,,,,,da2340,,,HEX,,,,sw,,D1C,,,,,,HEX,,,,pnd,,UCH,10,,,,,HEX,,,,phd,,UCH,10,,,,,,,,,,,,,,,,,,,,,,,,,,,,,,,,
#r,,SRerrdata4.4nd,,,,,da3340,,,HEX,,,,sw,,D1C,,,,,,HEX,,,,pnd,,UCH,10,,,,,HEX,,,,phd,,UCH,10,,,,,,,,,,,,,,,,,,,,,,,,,,,,,,,,
#r,,SRerrdata4.5nd,,,,,da4340,,,HEX,,,,sw,,D1C,,,,,,HEX,,,,pnd,,UCH,10,,,,,HEX,,,,phd,,UCH,10,,,,,,,,,,,,,,,,,,,,,,,,,,,,,,,,
#r,,SRerrdata4.6nd,,,,,da5340,,,HEX,,,,sw,,D1C,,,,,,HEX,,,,pnd,,UCH,10,,,,,HEX,,,,phd,,UCH,10,,,,,,,,,,,,,,,,,,,,,,,,,,,,,,,,
#______________________________,,,,,,,,,,,,,,,,,,,,,,,,,,,,,,,,,,,,,,,,,,,,,,,,,,,,,,,,,,,,,,,,,,,,,,,,,
#*b,master,,,,FE,,,,,,,,,,,,,,,,,,,,,,,,,,,,,,,,,,,,,,,,,,,,,,,,,,,,,,,,,,,,,,,,,,,,
#b,,data1,,,,0801,,buffer,,D2B,,,,boiler,,D2B,,,,test,,IGN,,,,bwr,,BI0,,,,pump,,BI1,,,,buffer1,,BI2,,,,buffer2,,BI3,,,,loading,,BI4,,,,boiler,,BI5,,,,tbfconnect,,BI6,,,,return,,D2B,,,
#b,,data2,,,,0802,,buffer,,D2B,,,,boiler,,D2B,,,,expected,,D1B,,,,device,,UCH,,,,error,,UCH,,,,,,,,,,,,,,,,,,,,,,,,,,,,,,,,,,,,,,,
#b,,10u0503,,,10,0503,,status,,UCH,,,,state,,BI7,,,,maxmin,,BI2,,,,boiler,,D1C,,,,buffer1,,BI2,,,,buffer2,,BI3,,,,,,,,,,,,,,,,,,,,,,,,,,,,,,,,,
#b,,10u0503,,,10,0503,,status,,IGN,,,,boiler,,D2B,,,,buffer1,,BI2,,,,buffer2,,BI3,,,,,,,,,,,,,,,,,,,,,,,,,,,,,,,,,,,,,,,,,,,,,
,,,,,,,,,,,,,,,,,,,,,,,,,,,,,,,,,,,,,,,,,,,,,,,,,,,,,,,,,,,,,,,,,,,,,,,,,